Target Number,Mapping Value,,
40313-09-15,ME-15-09-40313-52.docx,,
42291-02-16,ME-16-02-42291-618.docx,,
33009-05-16,ME-16-05-33009-930.docx,,
11786-06-16,ME-16-06-11786-780.docx,,
41855-07-16,ME-16-07-41855-64.docx,,
0229-08-16,ME-16-08-229-604.docx,,
51038-02-17,ME-17-02-51038-581.docx,,
26417-03-17,ME-17-03-26417-129.docx,,
21139-04-17,ME-17-04-21139-452.docx,,
30875-04-17,ME-17-04-30875-798.docx,,
0395-05-17,ME-17-05-395-224.docx,,
0633-05-17,ME-17-05-633-549.docx,,
45747-05-17,ME-17-05-45747-167.docx,,
57618-05-17,ME-17-05-57618-514.docx,,
17856-06-17,ME-17-06-17856-893.docx,,
31034-06-17,ME-17-06-31034-933.docx,,
52219-06-17,ME-17-06-52219-192.docx,,
55670-06-17,ME-17-06-55670-340.docx,,
45713-07-17,ME-17-07-45713-955.docx,,
13632-08-17,ME-17-08-13632-55.docx,,
47161-08-17,ME-17-08-47161-136.docx,,
50556-08-17,ME-17-08-50556-55.docx,,
31661-09-17,ME-17-09-31661-744.docx,,
34413-09-17,ME-17-09-34413-331.docx,,
38154-09-17,ME-17-09-38154-771.docx,,
49995-09-17,ME-17-09-49995-56.docx,,
55908-09-17,ME-17-09-55908-387.docx,,
51523-10-17,ME-17-10-51523-521.docx,,
20051-12-17,ME-17-12-20051-644.docx,,
22830-12-17,ME-17-12-22830-699.docx,,
52479-01-18,ME-18-01-52479-769.docx,,
0630-02-18,ME-18-02-630-602.docx,,
50551-03-18,ME-18-03-50551-148.docx,,
3295-04-18,ME-18-04-3295-790.docx,,
34003-04-18,ME-18-04-34003-438.docx,,
49416-04-18,ME-18-04-49416-848.docx,,
32659-05-18,ME-18-05-32659-754.docx,,
42697-05-18,ME-18-05-42697-576.docx,,
3742-07-18,ME-18-07-3742-540.docx,,
_,_,,
19642-04-18,ME-18-04-19642-504,,2017
30406-04-16,SH-16-04-30406-325,,
29911-03-15,ME-15-03-29911-554,,
42991-05-16,SH-16-05-42991-439,,
29984-08-16,ME-16-08-29984-51,,
15387-01-21,ME-21-01-15387-564,,
64845-06-16,ME-16-06-64845-657,,
19862-07-09,SH-09-07-19862-11,,
613-04-17,ME-17-04-613-913,,
33734-07-11,ME-11-07-33734-821,,
50916-06-16,ME-16-06-50916-362,,
52964-03-22,ME-22-03-52964-443,,
31498-01-16,ME-16-01-31498-921,,
36728-06-18,ME-18-06-36728-73,,
229-08-16,ME-16-08-229-604,,
44840-06-16,ME-16-06-44840-433,,
4206-01-09,ME-09-01-4206-239,,
28659-02-14,SH-14-02-28659-762,,
46930-03-22,ME-22-03-46930-359,,
9348-10-16,ME-16-10-9348-780,,
50986-12-16,ME-16-12-50986-619,,
8987-11-14,SH-14-11-8987-965,,
19417-11-16,SH-16-11-19417-55,,
59812-02-16,ME-16-02-59812-881,,
520-07-17,ME-17-07-520-371,,
13401-03-12,ME-12-03-13401-281,,
633-05-17,ME-17-05-633-549,,
62688-01-20,ME-20-01-62688-591,,
25854-09-13,SH-13-09-25854-356,,
52337-07-18,SH-18-07-52337-770,,
8338-12-13,ME-13-12-8338-415,,
47445-08-17,SH-17-08-47445-166,,
33577-04-12,ME-12-04-33577-700,,
42987-06-16,ME-16-06-42987-901,,
47766-07-12,SH-12-07-47766-859,,
28615-08-17,ME-17-08-28615-573,,
33552-09-16,SH-16-09-33552-535,,
9349-05-09,SH-09-05-9349-998,,
62597-10-17,ME-17-10-62597-895,,
207/08,m08000207-175,,
8097/01,m01008097-376,,
16192-05-09,ME-09-05-16192-355,,
54879-08-16,ME-16-08-54879-35,,
398-09-16,ME-16-09-398-589,,
5127/06,m06005127-464,,
35007-04-13,ME-13-04-35007-454,,
1316-04-19,ME-19-04-1316-977,,
19242-04-17,SH-17-04-19242-11,,
35227-05-17,ME-17-05-35227-215,,
31218-10-14,ME-14-10-31218-522,,
43085-06-21,ME-21-06-43085-219,,
29529-07-20,ME-20-07-29529-567,,
13179-07-14,ME-14-07-13179-197,,
53539-11-17,SH-17-11-53539-235,,
9968-05-16,ME-16-05-9968-487,,
44579-08-15,ME-15-08-44579-251,,
9111-02-15,ME-15-02-9111-399,,
51207-09-12,ME-12-09-51207-971,,
32659-05-18,ME-18-05-32659-754,,
17917-08-10,ME-10-08-17917-313,,
35552-12-11,SH-11-12-35552-181,,
15148-03-12,ME-12-03-15148-775,,
28139-10-13,ME-13-10-28139-807,,
7566-11-09,ME-09-11-7566-913,,
1167/02,m02001167-459,,
4354/02,s024354,,
1516-10-16,SH-16-10-1516-912,,
64990-12-16,ME-16-12-64990-76,,
31862-05-13,ME-13-05-31862-33,,
7996-08-16,SH-16-08-7996-293,,
17935-01-20,ME-20-01-17935-7,,
21459-01-16,SH-16-01-21459-8,,
59260-03-16,ME-16-03-59260-279,,
44157-08-16,ME-16-08-44157-713,,
25802-02-10,SH-10-02-25802-731,,
41585-03-16,ME-16-03-41585-22,,
45465-11-15,ME-15-11-45465-294,,
53169-10-13,ME-13-10-53169-537,,
12109-06-15,ME-15-06-12109-344,,
12480-04-16,ME-16-04-12480-812,,
39071-12-15,ME-15-12-39071-113,,
19384-05-16,ME-16-05-19384-544,,
12213-10-16,ME-16-10-12213-904,,
28360-02-13,ME-13-02-28360-614,,
56385-11-16,ME-16-11-56385-886,,
25902-05-16,ME-16-05-25902-514,,
41775-01-11,SH-11-01-41775-497,,
33444-05-12,ME-12-05-33444-999,,
69158-11-16,ME-16-11-69158-529,,
54615-03-16,ME-16-03-54615-517,,
6904-12-14,ME-14-12-6904-57,,
336-05-16,ME-16-05-336-804,,
52091-02-20,SH-20-02-52091-995,,
53615-01-19,ME-19-01-53615-8,,
24791-05-11,SH-11-05-24791-315,,
1074/07,m07001074-98,,
13999-11-16,ME-16-11-13999-863,,
18397-02-16,ME-16-02-18397-87,,
19819-03-23,SH-23-03-19819-247,,
65958-12-15,SH-15-12-65958-120,,
7544-11-16,SH-16-11-7544-55,,
18557-10-21,ME-21-10-18557-340,,
7434-05-10,sh-10-05-7434-952,,
60805-07-19,SH-19-07-60805-168,,
10948-02-16,SH-16-02-10948-419,,
11098-06-18,SH-18-06-11098-353,,
10556-10-17,SH-17-10-10556-234,,
8192/04,m04008192-374,,
14044-03-20,SH-20-03-14044-704,,
40313-09-15,ME-15-09-40313-52,,
72146-11-20,ME-20-11-72146-895,,
39500-07-20,ME-20-07-39500-753,,
23707-03-19,SH-19-03-23707-142,,
9983-05-16,ME-16-05-9983-155,,
7498-11-14,ME-14-11-7498-539,,
30015-07-16,ME-16-07-30015-11,,
45228-07-16,ME-16-07-45228-25,,
30972-10-18,ME-18-10-30972-637,,
44380-08-16,SH-16-08-44380-642,,
10774-06-09,ME-09-06-10774-130,,
49530-03-15,SH-15-03-49530-992,,
189-01-16,ME-16-01-189-123,,
51828-02-14,ME-14-02-51828-88,,
3772-01-16,ME-16-01-3772-806,,
54432-02-17,ME-17-02-54432-484,,
1995-03-17,ME-17-03-1995-297,,
34027-04-18,ME-18-04-34027-630,,
49772-11-16,SH-16-11-49772-358,,
48488-03-14,ME-14-03-48488-922,,
32508-02-11,ME-11-02-32508-490,,
21813-09-16,SH-16-09-21813-127,,
5037-10-16,ME-16-10-5037-989,,
9569-10-18,SH-18-10-9569-47,,
28889-07-14,ME-14-07-28889-461,,
32560-12-16,SH-16-12-32560-784,,
19741-04-17,ME-17-04-19741-416,,
3454-02-17,ME-17-02-3454-397,,
50014/08,m08050014-189,,
,,,
17655-10-22,ME-22-10-17655-56.doc,,2018-2
26547-09-21,SH-21-09-26547-957.doc,,
3256-09-21,SH-21-09-3256-86.doc,,
58061-02-19,SH-19-02-58061-787.doc,,
6532-03-14,SH-14-03-6532-311.doc,,
29898-02-14,SH-14-02-29898-83.doc,,
35629-09-11,SH-11-09-35629-306.doc,,
69797-03-23,ME-23-03-69797-205.doc,,
41830-12-21,ME-21-12-41830-648.doc,,
17137-11-21,ME-21-11-17137-270.doc,,
1136-11-21,ME-21-11-1136-648.doc,,
51607-08-21,ME-21-08-51607-44.doc,,
63360-04-21,ME-21-04-63360-996.doc,,
9264-02-21,ME-21-02-9264-706.doc,,
6153-02-21,ME-21-02-6153-656.doc,,
24822-01-21,ME-21-01-24822-639.doc,,
12520-08-20,ME-20-08-12520-979.doc,,
37047-07-20,ME-20-07-37047-781.doc,,
66542-05-20,ME-20-05-66542-944.doc,,
61106-05-20,ME-20-05-61106-33.doc,,
15744-02-20,ME-20-02-15744-900.doc,,
4133-01-20,ME-20-01-4133-740.doc,,
61299-12-19,ME-19-12-61299-26.doc,,
585-24-11-19,ME-19-11-58524-567.doc,,
14115-07-19,ME-19-07-14115-566.doc,,
56374-05-19,ME-19-05-56374-18.doc,,
27294-04-19,ME-19-04-27294-428.doc,,
57498-03-19,ME-19-03-57498-650.doc,,
23872-02-19,ME-19-02-23872-143.doc,,
43752-01-19,ME-19-01-43752-281.doc,,
17941-11-18,ME-18-11-17941-195.doc,,
26434-10-18,ME-18-10-26434-945.doc,,
24047-02-18,ME-18-02-24047-205.doc,,
16505-02-18,ME-18-02-16505-658.doc,,
0630-02-18,ME-18-02-630-602.doc,,
52479-01-18,ME-18-01-52479-769.doc,,
22830-12-17,ME-17-12-22830-699.doc,,
55908-09-17,ME-17-09-55908-387.doc,,
49995-09-17,ME-17-09-49995-56.doc,,
38154-09-17,ME-17-09-38154-771.doc,,
13632-08-17,ME-17-08-13632-55.doc,,
66310-07-17,ME-17-07-66310-844.doc,,
45713-07-17,ME-17-07-45713-955.doc,,
55670-06-17,ME-17-06-55670-340.doc,,
17856-06-17,ME-17-06-17856-893.doc,,
0522-05-17,ME-17-05-522-895.doc,,
0395-05-17,ME-17-05-395-224.doc,,
16420-10-16,ME-16-10-16420-262.doc,,
13416-09-16,ME-16-09-13416-978.doc,,
11786-06-16,ME-16-06-11786-780.doc,,
3068-11-15,ME-15-11-3068-620.doc,,
40450-09-15,ME-15-09-40450-667.doc,,
12109-06-15,ME-15-06-12109-344.doc,,
36381-05-15,ME-15-05-36381-295.doc,,
6904-12-14,ME-14-12-6904-57.doc,,
18510-10-14,ME-14-10-18510-163.doc,,
3622-10-13,ME-13-10-3622-529.doc,,
44877-06-13,ME-13-06-44877-37.doc,,
35007-04-13,ME-13-04-35007-454.doc,,
1578-04-13,ME-13-04-1578-391.doc,,
39605-04-11,ME-11-04-39605-456.doc,,
,,,
,,,
,,,
12154-11-14,ME-14-11-12154-982,,
58511-01-20,ME-20-01-58511-779,,
41052-11-19,ME-19-11-41052-634,,
41762-12-20,ME-20-12-41762-388,,
7053-03-21,7053-03-21,,
49151-10-20,ME-20-10-49151-589,,
58524-11-19,ME-19-11-58524-567,,
,,,
,,,
,,,
54962-08-15,ME-15-08-54962-361,,
48506-10-17,ME-17-10-48506-537,,
,,,
48435-02-17,ME-17-02-48435-315,,
35106-03-18,ME-18-03-35106-980,,
45561-04-17,ME-17-04-45561-926,,
32889-12-17,ME-17-12-32889-55,,
32803-12-17,ME-17-12-32803-592,,